Participant,AU1,AU2,AU4,AU6,AU7,AU9,AU12,AU15,AU16,AU20,AU23,AU26,Left,Lower,Right,Upper
Tester1,0,0,0.89,4.239999999999999,0,15.8,3.2399999999999998,0,0.1,0,0.03,0,10.35,7.65,10.23,13.12
Tester2,0,0,0,4.93,0.18,9.56,0,0,0,0,0,0,0.44,3.74,17.31,15.03
Tester3,0.18,0,0,0.62,0,3.5900000000000003,3.73,0.84,1.81,1.98,3.3899999999999997,1.23,0.72,8.730000000000002,9.98,2.04
Tester4,1.42,0,0.58,1.57,6.050000000000001,11.95,1.67,0,0,0,0,0,16.049999999999997,9.020000000000001,6.75,16.4
Tester5,0,0,0,0.38,0,0.6799999999999999,6.41,5.17,11.84,5.83,6.609999999999999,5.8,8.18,16.8,8.07,0.65
Tester6,7.99,0,3.23,2.65,6.01,5.720000000000001,2.2600000000000002,0.62,0.62,0.62,0.42,0.62,18.119999999999997,7.11,13.47,25.66
