Participant,AU1,AU2,AU4,AU6,AU7,AU9,AU12,AU15,AU16,AU20,AU23,AU26,Left,Lower,Right,Upper
Tester1,0,0,0.67,5.5,0,21.43,2.96,0,0.7,0.03,0,0,14.12,14.72,12.01,16.060000000000002
Tester2,1.83,0,4.68,15.86,1.87,19.550000000000004,0.64,0,0,0,0,0,1.9300000000000002,8.469999999999999,35.809999999999995,29.53
Tester3,1.07,0,1.0,1.6800000000000002,0,5.52,5.76,1.35,3.9299999999999997,2.87,2.06,3.16,3.9299999999999997,11.750000000000002,12.680000000000001,5.029999999999999
Tester4,3.77,0,3.66,7.430000000000001,11.25,6.86,0.4,0,0,0,0,0,23.17,0.56,14.34,37.400000000000006
Tester5,0,0,0,0,0.14,3.2100000000000004,12.41,15.040000000000001,24.1,17.55,12.16,17.59,13.570000000000002,36.67,21.43,0.5900000000000001
Tester6,4.5600000000000005,0,2.7600000000000002,2.12,2.34,4.34,3.9800000000000004,0,0,0,0.23,0,10.559999999999999,5.390000000000001,7.760000000000001,13.410000000000002
