Participant,AU1,AU2,AU4,AU6,AU7,AU9,AU12,AU15,AU16,AU20,AU23,AU26,Left,Lower,Right,Upper
Tester1,0,0,0,0.14,0,2.34,0.86,0,0,0,0,0,0.86,2.34,1.47,0
Tester2,0,0,0,0.2,0.78,0.94,0.5,0,0,0,0,0,0.45,0.53,2.32,2.25
Tester3,0,0,0,0,0,0,0,0,0,0,0,0,0,0,0,0
Tester4,0,0,0,0,0,0,0,0,0,0,0,0,0,0,0,0
Tester5,0,0,0,0,0,0,2.34,0,1.19,1.19,0,0,0.25,2.34,2.09,0
Tester6,1.92,0,2.11,2.0,3.02,3.4600000000000004,2.65,0,0.65,0,0,0,6.759999999999999,4.47,6.15,8.690000000000001
