Participant,AU1,AU2,AU4,AU6,AU7,AU9,AU12,AU15,AU16,AU20,AU23,AU26,Left,Lower,Right,Upper
Tester1,0.14,0.46,0.07,6.38,0.6399999999999999,26.02,6.0600000000000005,0.07,0.18,0.18,0.11,0.07,10.719999999999999,16.87,20.05,15.059999999999997
Tester2,0,0,1.22,14.01,0.07,24.529999999999998,2.93,0,0,0,0,0,2.96,8.530000000000001,36.97,31.060000000000002
Tester3,1.2,0,0.73,1.46,1.0699999999999998,2.81,5.010000000000001,0.5700000000000001,2.99,3.08,1.52,0.74,1.32,9.81,13.99,5.739999999999998
Tester4,7.86,0,3.62,5.63,9.860000000000001,6.02,0.66,0,0,0,0,0,21.619999999999994,3.1100000000000003,14.58,33.68
Tester5,0,0,0,1.04,0,3.0999999999999996,19.560000000000002,8.36,20.389999999999997,11.28,10.22,10.989999999999998,9.87,34.7,22.73,2.4899999999999998
Tester6,7.679999999999999,0,2.76,3.3,5.199999999999999,7.22,4.2,0,0.25,0,0.42,0.08,14.94,7.53,17.919999999999998,25.749999999999996
