Participant,AU1,AU2,AU4,AU6,AU7,AU9,AU12,AU15,AU16,AU20,AU23,AU26,Left,Lower,Right,Upper
Tester1,0,0.47,0.14,1.8199999999999998,0,14.129999999999999,2.53,0.18,0.18,0.18,0.16999999999999998,0.18,6.39,8.83,9.309999999999999,7.98
Tester2,0.36,0,0,7.109999999999999,0,11.59,0,0,0,0,0,0,0,2.41,14.48,12.36
Tester3,0.42,0,0.42,0.24,0.42,0.1,0.42,0,0,0,0.17,0,0,0.42,1.14,0.72
Tester4,2.67,0,0.8500000000000001,0.9500000000000001,4.06,1.05,0.13,0.09,0.09,0.09,0,0.09,12.979999999999999,0.32,4.7,17.439999999999998
Tester5,0,0,0,0,0,0,0,0,0,0,0,0,0,0,0,0
Tester6,3.6999999999999997,0.07,2.33,2.9400000000000004,2.63,10.040000000000001,5.86,0.1,0.43000000000000005,0.08,0.99,0.18,15.649999999999997,11.040000000000001,10.819999999999999,16.84
