Participant,AU1,AU2,AU4,AU6,AU7,AU9,AU12,AU15,AU16,AU20,AU23,AU26,Left,Lower,Right,Upper
Tester1,0,0,0.26,0,0.1,6.9,0.48,0.21,0.21,0.21,0,0.21,4.25,3.3300000000000005,2.3699999999999997,4.39
Tester2,0.72,0,3.2300000000000004,7.4399999999999995,1.98,10.280000000000001,2.07,0.2,0.2,0.2,0.07,0.2,2.8800000000000003,3.4800000000000004,16.57,17.41
Tester3,0,0,0.11,0,0.11,1.3599999999999999,4.4399999999999995,0,1.25,0.07,0,0,0.35000000000000003,5.779999999999999,5.87,0.55
Tester4,2.0700000000000003,0,0.49,0.49,3.0300000000000002,5.18,0.19,0,0,0,0,0,8.5,1.9100000000000001,4.779999999999999,11.76
Tester5,0,0,0,0.18,0,0.26,3.6300000000000003,4.43,9.84,6.18,5.25,5.3,7.109999999999999,11.15,3.99,0.09
Tester6,4.22,0.27,1.69,1.26,2.3,4.1000000000000005,3.2399999999999998,0.32,0.53,0.33,0.33,0.32,10.02,4.17,7.45,13.82
